State,Year,Incidence,Mortality,Population
1,Alabama,1999,17793,7993,0
2,Alabama,2000,18257,8412,4452173
3,Alabama,2001,19321,8416,4467634
4,Alabama,2002,19511,8401,4480089
5,Alabama,2003,19117,8469,4503491
6,Alabama,2004,20336,8519,4530729
7,Alabama,2005,20886,8673,4569805
8,Alabama,2006,21510,8586,4628981
9,Alabama,2007,22280,8826,4672840
10,Alabama,2008,23163,8875,4718206
11,Alabama,2009,23082,9011,4757938
12,Alabama,2010,23210,8940,4779736
13,Alabama,2011,23184,9001,4783580
14,Alabama,2012,23344,8992,4799935
15,Alabama,2013,23375,9062,4814757
16,Alabama,2014,23448,8995,4826887
17,Alabama,2015,24400,9065,4838704
18,Alabama,2016,25045,9078,4850343
19,Alabama,2017,25030,8991,4861465
20,Alabama,2018,25139,9242,4873843
21,Alabama,2019,25489,8899,4889347
22,Alabama,2020,23343,8993,5020056
23,Alabama,2021,24910,8851,5038253
24,Alaska,1999,1753,365,0
25,Alaska,2000,1806,460,627963
26,Alaska,2001,1879,392,633714
27,Alaska,2002,1931,429,642337
28,Alaska,2003,1954,462,648414
29,Alaska,2004,2143,442,659286
30,Alaska,2005,2092,463,666946
31,Alaska,2006,2192,523,675302
32,Alaska,2007,2261,540,680300
33,Alaska,2008,2366,596,687455
34,Alaska,2009,2439,619,698895
35,Alaska,2010,2533,565,710231
36,Alaska,2011,2489,671,703080
37,Alaska,2012,2452,641,709462
38,Alaska,2013,2456,671,713472
39,Alaska,2014,2565,654,714169
40,Alaska,2015,2624,624,715479
41,Alaska,2016,2695,682,719917
42,Alaska,2017,2725,638,718487
43,Alaska,2018,2803,682,715708
44,Alaska,2019,3001,675,712114
45,Alaska,2020,2745,678,711621
46,Alaska,2021,2914,802,712627
47,Arizona,1999,19588,7835,0
48,Arizona,2000,20169,7882,5160586
49,Arizona,2001,21173,7947,5273477
50,Arizona,2002,21274,8223,5396255
51,Arizona,2003,21630,8411,5510364
52,Arizona,2004,22202,8420,5652404
53,Arizona,2005,22988,8677,5839077
54,Arizona,2006,24061,8700,6029141
55,Arizona,2007,25075,8865,6167681
56,Arizona,2008,24936,8839,6280362
57,Arizona,2009,26004,8925,6343154
58,Arizona,2010,25812,9248,6392017
59,Arizona,2011,26644,9349,6451311
60,Arizona,2012,26437,9804,6534979
61,Arizona,2013,27291,9906,6612242
62,Arizona,2014,28593,10030,6710771
63,Arizona,2015,29240,10259,6811614
64,Arizona,2016,29668,10345,6922116
65,Arizona,2017,30755,10466,7025816
66,Arizona,2018,31998,10493,7138397
67,Arizona,2019,32623,10611,7259090
68,Arizona,2020,30453,10860,7166297
69,Arizona,2021,31020,10975,7252729
70,Arkansas,1999,11669,5406,0
71,Arkansas,2000,11833,5402,2678588
72,Arkansas,2001,12112,5437,2691571
73,Arkansas,2002,12233,5554,2705927
74,Arkansas,2003,12647,5349,2724816
75,Arkansas,2004,12700,5594,2749686
76,Arkansas,2005,12996,5646,2781097
77,Arkansas,2006,13234,5447,2821761
78,Arkansas,2007,13696,5616,2848650
79,Arkansas,2008,13319,5734,2874554
80,Arkansas,2009,13085,5757,2896843
81,Arkansas,2010,13292,5780,2915918
82,Arkansas,2011,13262,5744,2934091
83,Arkansas,2012,13476,5827,2945608
84,Arkansas,2013,14101,5874,2952659
85,Arkansas,2014,14455,5727,2960619
86,Arkansas,2015,14996,5796,2972522
87,Arkansas,2016,15090,5687,2984731
88,Arkansas,2017,15380,5594,2995637
89,Arkansas,2018,16031,5461,3004471
90,Arkansas,2019,16678,5530,3012542
91,Arkansas,2020,14265,5593,3010411
92,Arkansas,2021,14856,5646,3024626
93,California,1999,125010,46366,0
94,California,2000,125857,46652,33987977
95,California,2001,128647,47269,34479458
96,California,2002,130425,47467,34871843
97,California,2003,128694,47566,35253159
98,California,2004,132181,47001,35574576
99,California,2005,134023,47840,35827943
100,California,2006,135622,47372,36021202
101,California,2007,141226,48006,36250311
102,California,2008,143148,47785,36604337
103,California,2009,145224,48867,36961229
104,California,2010,145847,49006,37253956
105,California,2011,146538,49204,37485355
106,California,2012,146661,49998,37795774
107,California,2013,147514,49993,38104708
108,California,2014,150034,50471,38443855
109,California,2015,153875,51524,38762185
110,California,2016,154591,51173,39009538
111,California,2017,157519,51118,39197779
112,California,2018,158388,51232,39305490
113,California,2019,164295,50895,39356141
114,California,2020,148607,51083,39357513
115,California,2021,162303,50432,38998499
116,Colorado,1999,14845,5065,0
117,Colorado,2000,15353,5065,4326921
118,Colorado,2001,16048,5240,4425687
119,Colorado,2002,16242,5460,4490406
120,Colorado,2003,16319,5546,4528732
121,Colorado,2004,16514,5380,4575013
122,Colorado,2005,17114,5565,4631888
123,Colorado,2006,17539,5614,4720423
124,Colorado,2007,18892,5706,4803868
125,Colorado,2008,19039,5811,4889730
126,Colorado,2009,19662,6001,4972195
127,Colorado,2010,19538,6032,5029196
128,Colorado,2011,19815,6053,5086961
129,Colorado,2012,19923,6260,5157919
130,Colorado,2013,20340,6276,5232711
131,Colorado,2014,20645,6306,5313914
132,Colorado,2015,21009,6411,5415863
133,Colorado,2016,21550,6693,5505628
134,Colorado,2017,22322,6632,5575734
135,Colorado,2018,22726,6536,5655346
136,Colorado,2019,23557,6703,5722795
137,Colorado,2020,22207,6957,5747873
138,Colorado,2021,22630,6774,5773263
139,Connecticut,1999,17351,6079,0
140,Connecticut,2000,17836,6093,3411777
141,Connecticut,2001,18107,6169,3432835
142,Connecticut,2002,17947,6152,3458749
143,Connecticut,2003,17835,6158,3484336
144,Connecticut,2004,17740,6107,3496094
145,Connecticut,2005,18124,6056,3506956
146,Connecticut,2006,18724,6003,3517460
147,Connecticut,2007,18888,5847,3527270
148,Connecticut,2008,18990,5795,3545579
149,Connecticut,2009,19303,5817,3561807
150,Connecticut,2010,19084,5961,3574097
151,Connecticut,2011,18990,5777,3580900
152,Connecticut,2012,18937,5581,3587009
153,Connecticut,2013,18922,5595,3586408
154,Connecticut,2014,18823,5566,3586927
155,Connecticut,2015,19271,5522,3579816
156,Connecticut,2016,19586,5614,3570586
157,Connecticut,2017,19718,5460,3565967
158,Connecticut,2018,19562,5363,3564611
159,Connecticut,2019,19801,5330,3558382
160,Connecticut,2020,17991,5540,3572745
161,Connecticut,2021,21346,5336,3598291
162,Delaware,1999,3568,1368,0
163,Delaware,2000,3768,1283,786373
164,Delaware,2001,3940,1469,795699
165,Delaware,2002,3906,1312,806169
166,Delaware,2003,3938,1342,818003
167,Delaware,2004,4138,1539,830803
168,Delaware,2005,4426,1459,845150
169,Delaware,2006,4652,1442,859268
170,Delaware,2007,4741,1510,871749
171,Delaware,2008,4801,1559,883874
172,Delaware,2009,4835,1454,891730
173,Delaware,2010,4804,1568,897934
174,Delaware,2011,5035,1582,903543
175,Delaware,2012,4985,1572,911307
176,Delaware,2013,5262,1600,919417
177,Delaware,2014,5222,1657,928608
178,Delaware,2015,5440,1590,937695
179,Delaware,2016,5551,1797,945466
180,Delaware,2017,5277,1755,953449
181,Delaware,2018,5571,1751,962061
182,Delaware,2019,5938,1663,970344
183,Delaware,2020,5533,1761,988153
184,Delaware,2021,5697,1798,1001214
185,Florida,1999,92028,33875,0
186,Florida,2000,95479,34765,16047515
187,Florida,2001,95415,34618,16356966
188,Florida,2002,94728,34667,16689370
189,Florida,2003,93402,34777,17004085
190,Florida,2004,93635,35109,17415318
191,Florida,2005,96545,35686,17842038
192,Florida,2006,97597,35531,18166990
193,Florida,2007,99969,35305,18367842
194,Florida,2008,102235,36018,18527305
195,Florida,2009,101803,35950,18652644
196,Florida,2010,102730,36519,18801310
197,Florida,2011,107155,36728,18987071
198,Florida,2012,106128,37101,19230074
199,Florida,2013,112047,37518,19474496
200,Florida,2014,114609,37814,19776253
201,Florida,2015,117626,38496,20140632
202,Florida,2016,119145,38458,20542921
203,Florida,2017,118972,39238,20895127
204,Florida,2018,123662,39255,21176417
205,Florida,2019,125979,39408,21409839
206,Florida,2020,119461,39425,21530531
207,Florida,2021,130062,40293,21768583
208,Georgia,1999,28106,11418,0
209,Georgia,2000,30381,11890,8227303
210,Georgia,2001,31626,12036,8377038
211,Georgia,2002,32610,12163,8508256
212,Georgia,2003,32748,12249,8622793
213,Georgia,2004,33720,12424,8769252
214,Georgia,2005,34314,12610,8925922
215,Georgia,2006,36151,12737,9155813
216,Georgia,2007,38642,13069,9349988
217,Georgia,2008,39404,12756,9504843
218,Georgia,2009,40372,13280,9620846
219,Georgia,2010,39684,13542,9687653
220,Georgia,2011,41310,13689,9734255
221,Georgia,2012,42487,14000,9836497
222,Georgia,2013,42970,14360,9908961
223,Georgia,2014,44623,14662,10001630
224,Georgia,2015,46183,14793,10114323
225,Georgia,2016,48062,14989,10241578
226,Georgia,2017,48656,14990,10349084
227,Georgia,2018,49785,15128,10448117
228,Georgia,2019,51580,15269,10554409
229,Georgia,2020,48614,15210,10670047
230,Georgia,2021,52779,15401,10727577
231,Hawaii,1999,4998,1553,0
232,Hawaii,2000,4852,1566,1213519
233,Hawaii,2001,5090,1605,1225948
234,Hawaii,2002,5116,1536,1239613
235,Hawaii,2003,5216,1725,1251154
236,Hawaii,2004,5497,1637,1273569
237,Hawaii,2005,5551,1697,1292729
238,Hawaii,2006,5647,1780,1309731
239,Hawaii,2007,5754,1821,1315675
240,Hawaii,2008,6036,1793,1332213
241,Hawaii,2009,6139,1805,1346717
242,Hawaii,2010,6093,1819,1360301
243,Hawaii,2011,6126,1866,1339531
244,Hawaii,2012,6178,1869,1351722
245,Hawaii,2013,6467,1941,1362098
246,Hawaii,2014,6327,2027,1367336
247,Hawaii,2015,6559,2044,1373855
248,Hawaii,2016,6717,2005,1379978
249,Hawaii,2017,6968,2013,1377736
250,Hawaii,2018,6918,1957,1375316
251,Hawaii,2019,7083,2034,1370589
252,Hawaii,2020,6622,2042,1408919
253,Hawaii,2021,7242,2041,1403910
254,Idaho,1999,4697,1723,0
255,Idaho,2000,5198,1771,1299430
256,Idaho,2001,5103,1760,1319962
257,Idaho,2002,5337,1788,1340372
258,Idaho,2003,5404,1950,1363380
259,Idaho,2004,5519,1896,1391802
260,Idaho,2005,5935,1979,1428241
261,Idaho,2006,6105,1921,1468669
262,Idaho,2007,6512,2010,1505105
263,Idaho,2008,6442,2139,1534320
264,Idaho,2009,6636,2087,1554439
265,Idaho,2010,6751,2082,1567582
266,Idaho,2011,6876,2167,1578777
267,Idaho,2012,6912,2171,1591555
268,Idaho,2013,6846,2288,1607347
269,Idaho,2014,7214,2382,1626884
270,Idaho,2015,7538,2442,1647198
271,Idaho,2016,7802,2459,1678882
272,Idaho,2017,8131,2511,1714237
273,Idaho,2018,8219,2547,1747000
274,Idaho,2019,8815,2421,1783529
275,Idaho,2020,8617,2508,1845651
276,Idaho,2021,8962,2616,1900906
277,Illinois,1999,54366,21808,0
278,Illinois,2000,54632,22106,12434161
279,Illinois,2001,55535,21685,12488445
280,Illinois,2002,56943,21562,12525556
281,Illinois,2003,55601,21466,12556006
282,Illinois,2004,56265,21303,12589773
283,Illinois,2005,56657,21157,12609903
284,Illinois,2006,58390,21061,12643955
285,Illinois,2007,59507,21228,12695866
286,Illinois,2008,60723,21190,12747038
287,Illinois,2009,61133,21099,12796778
288,Illinois,2010,59820,20899,12830632
289,Illinois,2011,61400,20842,12838364
290,Illinois,2012,60127,21286,12853671
291,Illinois,2013,60777,21239,12864224
292,Illinois,2014,62221,21227,12857389
293,Illinois,2015,63755,21376,12830241
294,Illinois,2016,64154,21033,12791182
295,Illinois,2017,64740,20812,12751446
296,Illinois,2018,65020,20443,12695357
297,Illinois,2019,66121,20506,12644109
298,Illinois,2020,60149,20466,12770920
299,Illinois,2021,66043,20048,12668336
300,Indiana,1999,25712,11278,0
301,Indiana,2000,26740,11383,6091866
302,Indiana,2001,27627,11316,6127760
303,Indiana,2002,27883,11291,6155967
304,Indiana,2003,27889,11306,6196638
305,Indiana,2004,27778,11047,6233007
306,Indiana,2005,28476,11185,6278616
307,Indiana,2006,29358,11278,6332669
308,Indiana,2007,29644,11233,6379599
309,Indiana,2008,29939,11533,6424806
310,Indiana,2009,29748,11384,6459325
311,Indiana,2010,29955,11477,6483802
312,Indiana,2011,30360,11496,6512319
313,Indiana,2012,30484,11623,6534056
314,Indiana,2013,31125,11641,6565253
315,Indiana,2014,31800,11771,6590571
316,Indiana,2015,32781,11673,6605677
317,Indiana,2016,33519,11683,6631710
318,Indiana,2017,34317,11743,6655353
319,Indiana,2018,33724,11708,6692658
320,Indiana,2019,33266,11675,6729379
321,Indiana,2020,0,11813,6788039
322,Indiana,2021,0,11911,6812684
323,Iowa,1999,14619,5529,0
324,Iowa,2000,14616,5693,2929067
325,Iowa,2001,14818,5643,2931997
326,Iowa,2002,14884,5753,2934234
327,Iowa,2003,14538,5717,2941999
328,Iowa,2004,14738,5611,2953635
329,Iowa,2005,14926,5677,2964454
330,Iowa,2006,15244,5533,2982644
331,Iowa,2007,15229,5652,2999212
332,Iowa,2008,15318,5677,3016734
333,Iowa,2009,16003,5477,3032870
334,Iowa,2010,15876,5543,3046355
335,Iowa,2011,15936,5586,3062332
336,Iowa,2012,15598,5592,3074634
337,Iowa,2013,15629,5623,3091328
338,Iowa,2014,16386,5597,3107799
339,Iowa,2015,16721,5593,3119661
340,Iowa,2016,16886,5531,3130009
341,Iowa,2017,17431,5551,3140325
342,Iowa,2018,17693,5479,3146817
343,Iowa,2019,18370,5389,3153269
344,Iowa,2020,16759,5325,3190613
345,Iowa,2021,18360,5239,3197651
346,Kansas,1999,11737,4655,0
347,Kansas,2000,11884,4524,2693681
348,Kansas,2001,11730,4819,2702162
349,Kansas,2002,11784,4653,2713535
350,Kansas,2003,11936,4687,2723004
351,Kansas,2004,12134,4669,2734373
352,Kansas,2005,12142,4772,2745299
353,Kansas,2006,12536,4697,2762931
354,Kansas,2007,13090,4710,2783785
355,Kansas,2008,13274,4634,2808076
356,Kansas,2009,13111,4651,2832704
357,Kansas,2010,13093,4661,2853118
358,Kansas,2011,13564,4729,2848500
359,Kansas,2012,13439,4742,2862186
360,Kansas,2013,13258,4637,2868822
361,Kansas,2014,13376,4823,2877714
362,Kansas,2015,14001,4866,2885174
363,Kansas,2016,13854,4682,2889950
364,Kansas,2017,14373,4675,2886775
365,Kansas,2018,14448,4822,2888622
366,Kansas,2019,14834,4801,2890576
367,Kansas,2020,13721,4750,2916561
368,Kansas,2021,14477,4651,2916192
369,Kentucky,1999,19248,7802,0
370,Kentucky,2000,19718,8123,4049021
371,Kentucky,2001,20003,8235,4068132
372,Kentucky,2002,19984,8319,4089875
373,Kentucky,2003,20100,8335,4117170
374,Kentucky,2004,20540,8026,4146101
375,Kentucky,2005,20765,8370,4182742
376,Kentucky,2006,21939,8191,4219239
377,Kentucky,2007,22391,8508,4256672
378,Kentucky,2008,22617,8420,4289878
379,Kentucky,2009,22812,8384,4317074
380,Kentucky,2010,23184,8777,4339367
381,Kentucky,2011,23514,8549,4347359
382,Kentucky,2012,24039,8755,4362055
383,Kentucky,2013,24178,8864,4384431
384,Kentucky,2014,24773,8903,4394929
385,Kentucky,2015,25165,8920,4407622
386,Kentucky,2016,25328,8924,4421692
387,Kentucky,2017,25764,8701,4435540
388,Kentucky,2018,26122,8754,4444369
389,Kentucky,2019,26789,8587,4450887
390,Kentucky,2020,24605,8654,4491872
391,Kentucky,2021,26248,8754,4489571
392,Louisiana,1999,18877,8033,0
393,Louisiana,2000,19186,8228,4471885
394,Louisiana,2001,19570,8378,4477875
395,Louisiana,2002,19798,8233,4497267
396,Louisiana,2003,19753,8354,4521042
397,Louisiana,2004,20146,8319,4552238
398,Louisiana,2005,19207,8165,4576628
399,Louisiana,2006,19658,7797,4302665
400,Louisiana,2007,20528,7694,4375581
401,Louisiana,2008,20839,8100,4435586
402,Louisiana,2009,21631,7963,4491648
403,Louisiana,2010,21635,8095,4533372
404,Louisiana,2011,22119,8096,4558145
405,Louisiana,2012,22211,8199,4581342
406,Louisiana,2013,22292,8275,4604225
407,Louisiana,2014,22767,8353,4625130
408,Louisiana,2015,23195,8211,4647002
409,Louisiana,2016,23358,8010,4660634
410,Louisiana,2017,23887,8364,4652908
411,Louisiana,2018,24844,8160,4643764
412,Louisiana,2019,25410,8290,4632866
413,Louisiana,2020,22603,7966,4636306
414,Louisiana,2021,24538,7943,4611233
415,Maine,1999,6547,2571,0
416,Maine,2000,6995,2616,1277072
417,Maine,2001,7140,2507,1285692
418,Maine,2002,7165,2695,1295960
419,Maine,2003,7203,2606,1306513
420,Maine,2004,7539,2648,1313688
421,Maine,2005,7500,2697,1318787
422,Maine,2006,7792,2605,1323619
423,Maine,2007,7705,2632,1327040
424,Maine,2008,7629,2616,1330509
425,Maine,2009,7513,2585,1329590
426,Maine,2010,7549,2769,1328361
427,Maine,2011,7506,2631,1326841
428,Maine,2012,7637,2699,1326415
429,Maine,2013,7599,2701,1326592
430,Maine,2014,7994,2658,1329120
431,Maine,2015,7978,2850,1327119
432,Maine,2016,8100,2728,1329832
433,Maine,2017,8295,2790,1333330
434,Maine,2018,8366,2738,1337690
435,Maine,2019,8846,2802,1342845
436,Maine,2020,8402,2837,1363664
437,Maine,2021,8937,2831,1378020
438,Maryland,1999,22751,8770,0
439,Maryland,2000,23056,8993,5311034
440,Maryland,2001,22619,9000,5374691
441,Maryland,2002,24104,9113,5440389
442,Maryland,2003,24840,8995,5496269
443,Maryland,2004,23054,8898,5546935
444,Maryland,2005,23487,9083,5592379
445,Maryland,2006,23948,9047,5627367
446,Maryland,2007,25704,8908,5653408
447,Maryland,2008,26076,9062,5684965
448,Maryland,2009,26162,9118,5730388
449,Maryland,2010,26367,8925,5773552
450,Maryland,2011,26510,8896,5810599
451,Maryland,2012,26540,9129,5859172
452,Maryland,2013,27750,9184,5894349
453,Maryland,2014,27835,9329,5927602
454,Maryland,2015,28715,9127,5955397
455,Maryland,2016,29060,9377,5967100
456,Maryland,2017,29859,9178,5987619
457,Maryland,2018,30194,9303,6000751
458,Maryland,2019,32043,9240,6010629
459,Maryland,2020,27998,9220,6141896
460,Maryland,2021,30445,8956,6142597
461,Massachusetts,1999,30404,11917,0
462,Massachusetts,2000,30900,12119,6361104
463,Massachusetts,2001,31604,11930,6397634
464,Massachusetts,2002,32166,12066,6417206
465,Massachusetts,2003,31343,11799,6422565
466,Massachusetts,2004,31601,11510,6412281
467,Massachusetts,2005,32031,11407,6403290
468,Massachusetts,2006,33057,11608,6410084
469,Massachusetts,2007,33220,11217,6431559
470,Massachusetts,2008,33854,11234,6468967
471,Massachusetts,2009,33714,11294,6517613
472,Massachusetts,2010,32559,11145,6547629
473,Massachusetts,2011,33613,11074,6606095
474,Massachusetts,2012,32885,11000,6657005
475,Massachusetts,2013,33047,11068,6707548
476,Massachusetts,2014,33660,10950,6756979
477,Massachusetts,2015,34773,10871,6789250
478,Massachusetts,2016,35571,10820,6818546
479,Massachusetts,2017,35939,10982,6854738
480,Massachusetts,2018,34863,10666,6877701
481,Massachusetts,2019,36820,10523,6887571
482,Massachusetts,2020,33186,10381,6993834
483,Massachusetts,2021,32054,10291,6988290
484,Michigan,1999,46553,17251,0
485,Michigan,2000,47454,17464,9952450
486,Michigan,2001,47759,17316,9991120
487,Michigan,2002,48316,17581,10015710
488,Michigan,2003,48427,17344,10041152
489,Michigan,2004,47715,17259,10055315
490,Michigan,2005,48221,17683,10051137
491,Michigan,2006,49302,17809,10036081
492,Michigan,2007,51252,17714,10001284
493,Michigan,2008,50872,17820,9946889
494,Michigan,2009,50686,17913,9901591
495,Michigan,2010,50738,18076,9883640
496,Michigan,2011,51784,17870,9876518
497,Michigan,2012,50114,17982,9891475
498,Michigan,2013,49423,17874,9908706
499,Michigan,2014,49568,18475,9925641
500,Michigan,2015,51640,18093,9927529
501,Michigan,2016,53122,18090,9946582
502,Michigan,2017,52377,17845,9969346
503,Michigan,2018,52657,18048,9980363
504,Michigan,2019,53582,18083,9983148
505,Michigan,2020,49037,18196,10068472
506,Michigan,2021,50724,18172,10035969
507,Minnesota,1999,20179,7652,0
508,Minnesota,2000,20946,7888,4933692
509,Minnesota,2001,21558,7743,4982796
510,Minnesota,2002,21809,7934,5018935
511,Minnesota,2003,21480,7835,5053572
512,Minnesota,2004,22253,7807,5087713
513,Minnesota,2005,22342,7569,5119598
514,Minnesota,2006,23161,7706,5163555
515,Minnesota,2007,24406,7881,5207203
516,Minnesota,2008,24487,8121,5247018
517,Minnesota,2009,24449,8168,5281203
518,Minnesota,2010,24664,8189,5303925
519,Minnesota,2011,25406,8104,5341158
520,Minnesota,2012,25220,7980,5373866
521,Minnesota,2013,25373,8201,5410919
522,Minnesota,2014,26040,8232,5448249
523,Minnesota,2015,27717,8433,5479841
524,Minnesota,2016,27454,8306,5520453
525,Minnesota,2017,29171,8343,5564223
526,Minnesota,2018,29679,8358,5604111
527,Minnesota,2019,30477,8401,5637494
528,Minnesota,2020,28166,8382,5709883
529,Minnesota,2021,30764,8513,5717274
530,Mississippi,1999,0,5413,0
531,Mississippi,2000,0,5442,2848353
532,Mississippi,2001,0,5303,2852994
533,Mississippi,2002,0,5418,2858681
534,Mississippi,2003,12187,5317,2868312
535,Mississippi,2004,12510,5276,2889010
536,Mississippi,2005,12580,5330,2905943
537,Mississippi,2006,13164,5542,2904978
538,Mississippi,2007,13793,5309,2928350
539,Mississippi,2008,14224,5479,2947806
540,Mississippi,2009,13894,5397,2958774
541,Mississippi,2010,14110,5515,2967297
542,Mississippi,2011,14305,5463,2962085
543,Mississippi,2012,14261,5688,2966615
544,Mississippi,2013,14521,5715,2972537
545,Mississippi,2014,14757,5657,2975302
546,Mississippi,2015,14951,5661,2973658
547,Mississippi,2016,15407,5682,2974316
548,Mississippi,2017,15638,5684,2974699
549,Mississippi,2018,15969,5640,2966962
550,Mississippi,2019,16082,5774,2962093
551,Mississippi,2020,14035,5732,2945250
552,Mississippi,2021,15628,5783,2936301
553,Missouri,1999,25493,10613,0
554,Missouri,2000,25382,10648,5607285
555,Missouri,2001,25892,10750,5641142
556,Missouri,2002,26217,10797,5674825
557,Missouri,2003,26421,10863,5709403
558,Missouri,2004,26438,10972,5747741
559,Missouri,2005,27808,10895,5790300
560,Missouri,2006,28044,10978,5842704
561,Missouri,2007,28581,10814,5887612
562,Missouri,2008,28503,11034,5923916
563,Missouri,2009,29123,10979,5961088
564,Missouri,2010,28300,11079,5988927
565,Missouri,2011,29579,10923,5990761
566,Missouri,2012,29397,11216,6005841
567,Missouri,2013,29061,11281,6020736
568,Missouri,2014,29684,11361,6038383
569,Missouri,2015,30199,11279,6056199
570,Missouri,2016,30413,11017,6071249
571,Missouri,2017,31804,11198,6089797
572,Missouri,2018,31685,11245,6102751
573,Missouri,2019,32050,11070,6118557
574,Missouri,2020,30654,11023,6137738
575,Missouri,2021,31553,11226,6155282
576,Montana,1999,4190,1465,0
577,Montana,2000,4371,1503,903773
578,Montana,2001,4553,1585,906961
579,Montana,2002,4518,1520,911667
580,Montana,2003,4481,1512,919630
581,Montana,2004,4482,1506,930009
582,Montana,2005,4771,1594,940102
583,Montana,2006,4771,1566,952692
584,Montana,2007,4887,1562,964706
585,Montana,2008,4899,1495,976415
586,Montana,2009,5096,1537,983982
587,Montana,2010,5114,1527,989415
588,Montana,2011,5196,1646,993004
589,Montana,2012,4993,1586,999743
590,Montana,2013,5184,1622,1009660
591,Montana,2014,5229,1695,1018040
592,Montana,2015,5510,1716,1026762
593,Montana,2016,5710,1635,1037173
594,Montana,2017,5930,1685,1048875
595,Montana,2018,5972,1601,1057103
596,Montana,2019,5985,1623,1065217
597,Montana,2020,5523,1670,1083714
598,Montana,2021,5993,1661,1103019
599,Nebraska,1999,7768,2901,0
600,Nebraska,2000,7866,2960,1713820
601,Nebraska,2001,7811,2903,1719836
602,Nebraska,2002,7992,2894,1728292
603,Nebraska,2003,7753,2827,1738643
604,Nebraska,2004,8000,2831,1749370
605,Nebraska,2005,8219,2873,1761497
606,Nebraska,2006,8302,2943,1772693
607,Nebraska,2007,8588,2928,1783440
608,Nebraska,2008,8548,2930,1796378
609,Nebraska,2009,8149,2874,1812683
610,Nebraska,2010,8481,2968,1826341
611,Nebraska,2011,8514,2943,1833152
612,Nebraska,2012,8328,2982,1846794
613,Nebraska,2013,8642,2963,1858705
614,Nebraska,2014,8677,2950,1872595
615,Nebraska,2015,9060,3013,1884732
616,Nebraska,2016,9342,2935,1898940
617,Nebraska,2017,9571,2980,1909278
618,Nebraska,2018,9936,2969,1919009
619,Nebraska,2019,9831,2965,1927803
620,Nebraska,2020,8597,2975,1956940
621,Nebraska,2021,9325,3058,1957859
622,Nevada,1999,6973,3055,0
623,Nevada,2000,8870,3212,2018741
624,Nevada,2001,9113,3318,2098399
625,Nevada,2002,9443,3385,2173791
626,Nevada,2003,9430,3634,2248850
627,Nevada,2004,9804,3569,2346222
628,Nevada,2005,9625,3673,2432143
629,Nevada,2006,10326,3667,2522658
630,Nevada,2007,10332,3764,2601072
631,Nevada,2008,11033,3815,2653630
632,Nevada,2009,11293,3890,2684665
633,Nevada,2010,10970,3955,2700551
634,Nevada,2011,11261,4055,2700898
635,Nevada,2012,11000,4030,2732129
636,Nevada,2013,11286,4251,2763978
637,Nevada,2014,11382,4413,2805712
638,Nevada,2015,11347,4393,2855869
639,Nevada,2016,12286,4473,2906277
640,Nevada,2017,13219,4578,2958927
641,Nevada,2018,12422,4450,3016514
642,Nevada,2019,12010,4616,3069329
643,Nevada,2020,13004,4693,3103950
644,Nevada,2021,12975,4484,3134311
645,New Hampshire,1999,5346,2018,0
646,New Hampshire,2000,5663,2075,1239882
647,New Hampshire,2001,5852,1986,1255517
648,New Hampshire,2002,6212,2140,1269089
649,New Hampshire,2003,6073,2064,1279840
650,New Hampshire,2004,6360,2182,1290121
651,New Hampshire,2005,6606,2144,1298492
652,New Hampshire,2006,6578,2152,1308389
653,New Hampshire,2007,6757,2185,1312540
654,New Hampshire,2008,6952,2141,1315906
655,New Hampshire,2009,7001,2150,1316102
656,New Hampshire,2010,7062,2044,1316470
657,New Hampshire,2011,7352,2274,1317974
658,New Hampshire,2012,7137,2230,1322771
659,New Hampshire,2013,7435,2150,1325123
660,New Hampshire,2014,7393,2218,1331952
661,New Hampshire,2015,7466,2286,1334734
662,New Hampshire,2016,7860,2359,1340862
663,New Hampshire,2017,7886,2310,1347445
664,New Hampshire,2018,8085,2249,1352159
665,New Hampshire,2019,8402,2338,1358406
666,New Hampshire,2020,7555,2312,1378191
667,New Hampshire,2021,8056,2331,1386913
668,New Jersey,1999,42031,15665,0
669,New Jersey,2000,43052,15680,8430621
670,New Jersey,2001,44521,15771,8492671
671,New Jersey,2002,44294,15477,8552643
672,New Jersey,2003,42360,15601,8601402
673,New Jersey,2004,42702,14974,8634561
674,New Jersey,2005,42994,14863,8651974
675,New Jersey,2006,44476,14880,8661679
676,New Jersey,2007,45061,14855,8677885
677,New Jersey,2008,44815,14686,8711090
678,New Jersey,2009,45409,14204,8755602
679,New Jersey,2010,44898,14483,8791894
680,New Jersey,2011,45946,14413,8818769
681,New Jersey,2012,45178,14273,8835389
682,New Jersey,2013,46082,14066,8847536
683,New Jersey,2014,46077,14194,8854669
684,New Jersey,2015,47340,13963,8858890
685,New Jersey,2016,47837,14053,8861635
686,New Jersey,2017,48888,13859,8876105
687,New Jersey,2018,49331,13645,8876632
688,New Jersey,2019,50196,13292,8872796
689,New Jersey,2020,45473,13163,9264593
690,New Jersey,2021,50962,12930,9261170
691,New Mexico,1999,6641,2333,0
692,New Mexico,2000,6622,2439,1821204
693,New Mexico,2001,6835,2397,1831690
694,New Mexico,2002,7071,2527,1855309
695,New Mexico,2003,7074,2688,1877574
696,New Mexico,2004,7483,2596,1903808
697,New Mexico,2005,7470,2624,1932274
698,New Mexico,2006,7688,2656,1962137
699,New Mexico,2007,7935,2723,1990070
700,New Mexico,2008,8059,2824,2010662
701,New Mexico,2009,8246,2685,2036802
702,New Mexico,2010,8172,2840,2059179
703,New Mexico,2011,8061,2816,2067621
704,New Mexico,2012,8052,2960,2074149
705,New Mexico,2013,8178,2916,2079149
706,New Mexico,2014,8377,2935,2076862
707,New Mexico,2015,8661,3040,2077811
708,New Mexico,2016,8678,2989,2079839
709,New Mexico,2017,8809,3050,2080122
710,New Mexico,2018,8792,3007,2081089
711,New Mexico,2019,9252,3015,2085174
712,New Mexico,2020,8246,3066,2105565
713,New Mexico,2021,8864,3165,2104022
714,New York,1999,87476,32946,0
715,New York,2000,90110,32821,19001780
716,New York,2001,89478,32639,19082838
717,New York,2002,90390,32373,19137800
718,New York,2003,90148,31880,19175939
719,New York,2004,90924,31878,19171567
720,New York,2005,92077,31357,19132610
721,New York,2006,94855,31000,19104631
722,New York,2007,96476,31153,19132335
723,New York,2008,98022,30931,19212436
724,New York,2009,98548,30820,19307066
725,New York,2010,96582,31054,19378102
726,New York,2011,100528,30964,19475439
727,New York,2012,97717,31242,19542239
728,New York,2013,101013,31050,19599766
729,New York,2014,100831,30534,19624906
730,New York,2015,102314,30067,19629193
731,New York,2016,103263,30297,19608495
732,New York,2017,105282,29828,19563615
733,New York,2018,104981,29282,19505408
734,New York,2019,108671,28379,19428617
735,New York,2020,96001,27596,20084576
736,New York,2021,107819,27136,19833600
737,North Carolina,1999,32048,13720,0
738,North Carolina,2000,33804,13819,8081614
739,North Carolina,2001,34324,14034,8210122
740,North Carolina,2002,35103,14255,8326201
741,North Carolina,2003,35599,14047,8422501
742,North Carolina,2004,38307,14401,8553152
743,North Carolina,2005,40284,14734,8705407
744,North Carolina,2006,41595,15087,8917270
745,North Carolina,2007,43199,15237,9118037
746,North Carolina,2008,44344,15212,9309449
747,North Carolina,2009,46172,15275,9449566
748,North Carolina,2010,46081,15821,9535483
749,North Carolina,2011,47121,15950,9558800
750,North Carolina,2012,46570,16070,9645107
751,North Carolina,2013,48381,16207,9736172
752,North Carolina,2014,49699,16855,9826573
753,North Carolina,2015,51401,16807,9927804
754,North Carolina,2016,52034,16846,10046680
755,North Carolina,2017,53547,16732,10168247
756,North Carolina,2018,54625,16868,10284127
757,North Carolina,2019,56949,17074,10390610
758,North Carolina,2020,52592,17036,10348537
759,North Carolina,2021,56539,17163,10461989
760,North Dakota,1999,2904,1068,0
761,North Dakota,2000,2899,1069,642023
762,North Dakota,2001,2896,1088,639062
763,North Dakota,2002,2960,1026,638168
764,North Dakota,2003,2922,961,638817
765,North Dakota,2004,2970,974,644705
766,North Dakota,2005,3101,989,646089
767,North Dakota,2006,3123,1088,649422
768,North Dakota,2007,3254,959,652822
769,North Dakota,2008,3171,1044,657569
770,North Dakota,2009,3111,985,664968
771,North Dakota,2010,3204,915,672591
772,North Dakota,2011,3363,963,678199
773,North Dakota,2012,3372,929,693512
774,North Dakota,2013,3253,948,714317
775,North Dakota,2014,3346,972,730352
776,North Dakota,2015,3455,997,746804
777,North Dakota,2016,3476,950,747188
778,North Dakota,2017,3594,940,747731
779,North Dakota,2018,3540,980,750907
780,North Dakota,2019,3641,929,754887
781,North Dakota,2020,3476,944,771950
782,North Dakota,2021,3768,905,770391
783,Ohio,1999,52688,21916,0
784,Ohio,2000,51492,21819,11363543
785,Ohio,2001,52824,21629,11387404
786,Ohio,2002,53102,22027,11407889
787,Ohio,2003,52300,21980,11434788
788,Ohio,2004,53852,21850,11452251
789,Ohio,2005,54902,21650,11463320
790,Ohio,2006,55689,21855,11481213
791,Ohio,2007,56411,22169,11500468
792,Ohio,2008,57756,21961,11515391
793,Ohio,2009,58481,22163,11528896
794,Ohio,2010,56694,22014,11536504
795,Ohio,2011,58248,22010,11534286
796,Ohio,2012,56998,22107,11537251
797,Ohio,2013,58698,21798,11566122
798,Ohio,2014,59880,22140,11592874
799,Ohio,2015,61881,22098,11608597
800,Ohio,2016,61939,22205,11625351
801,Ohio,2017,63459,22201,11650016
802,Ohio,2018,64896,21772,11667584
803,Ohio,2019,65942,21771,11680341
804,Ohio,2020,60969,21346,11791209
805,Ohio,2021,65398,21357,11758267
806,Oklahoma,1999,14935,6321,0
807,Oklahoma,2000,15206,6458,3454365
808,Oklahoma,2001,15678,6463,3467100
809,Oklahoma,2002,16017,6536,3489080
810,Oklahoma,2003,16587,6428,3504892
811,Oklahoma,2004,16328,6329,3525233
812,Oklahoma,2005,16425,6573,3548597
813,Oklahoma,2006,17407,6625,3594090
814,Oklahoma,2007,18165,6829,3634349
815,Oklahoma,2008,17346,6756,3668976
816,Oklahoma,2009,17405,6687,3717572
817,Oklahoma,2010,17034,6935,3751351
818,Oklahoma,2011,17275,7037,3764095
819,Oklahoma,2012,17393,7071,3796808
820,Oklahoma,2013,17700,7044,3831972
821,Oklahoma,2014,18152,6929,3858345
822,Oklahoma,2015,18747,7254,3890711
823,Oklahoma,2016,18504,7127,3908202
824,Oklahoma,2017,18489,7089,3912504
825,Oklahoma,2018,19014,7312,3920792
826,Oklahoma,2019,19485,7199,3937529
827,Oklahoma,2020,18078,7218,3945620
828,Oklahoma,2021,19446,7201,3971796
829,Oregon,1999,16312,5966,0
830,Oregon,2000,16022,6009,3429708
831,Oregon,2001,16386,6175,3467937
832,Oregon,2002,16270,6378,3513424
833,Oregon,2003,15995,6354,3547376
834,Oregon,2004,16865,6374,3569463
835,Oregon,2005,17099,6440,3613202
836,Oregon,2006,17422,6395,3670883
837,Oregon,2007,17639,6386,3722417
838,Oregon,2008,18679,6504,3768748
839,Oregon,2009,18183,6458,3808600
840,Oregon,2010,17958,6620,3831074
841,Oregon,2011,18906,6744,3868763
842,Oregon,2012,18531,6794,3896362
843,Oregon,2013,19409,6718,3919974
844,Oregon,2014,19597,6771,3960386
845,Oregon,2015,20172,6975,4013091
846,Oregon,2016,20047,6976,4087548
847,Oregon,2017,20779,6887,4141162
848,Oregon,2018,20569,7040,4179327
849,Oregon,2019,21799,6855,4215178
850,Oregon,2020,19263,6953,4243581
851,Oregon,2021,19526,7293,4254978
852,Pennsylvania,1999,65560,26172,0
853,Pennsylvania,2000,66090,26048,12284173
854,Pennsylvania,2001,67840,25942,12298970
855,Pennsylvania,2002,67357,25807,12331031
856,Pennsylvania,2003,66423,25767,12374658
857,Pennsylvania,2004,66112,25415,12410722
858,Pennsylvania,2005,66935,25476,12449990
859,Pennsylvania,2006,69042,25243,12510809
860,Pennsylvania,2007,70015,25141,12563937
861,Pennsylvania,2008,70318,25109,12612285
862,Pennsylvania,2009,70741,24894,12666858
863,Pennsylvania,2010,70981,25087,12702379
864,Pennsylvania,2011,72810,24822,12737781
865,Pennsylvania,2012,70125,24809,12759841
866,Pennsylvania,2013,71670,24507,12768022
867,Pennsylvania,2014,71269,24581,12781543
868,Pennsylvania,2015,72944,24621,12778877
869,Pennsylvania,2016,73422,24502,12776319
870,Pennsylvania,2017,72957,24266,12781748
871,Pennsylvania,2018,73095,24021,12794620
872,Pennsylvania,2019,75090,23465,12795687
873,Pennsylvania,2020,67129,23547,12992685
874,Pennsylvania,2021,69543,23328,13010794
875,Puerto Rico,1999,0,0,0
876,Puerto Rico,2000,0,0,0
877,Puerto Rico,2001,0,0,0
878,Puerto Rico,2002,0,0,0
879,Puerto Rico,2003,0,0,0
880,Puerto Rico,2004,0,0,0
881,Puerto Rico,2005,11309,3966,0
882,Puerto Rico,2006,11662,3956,0
883,Puerto Rico,2007,11950,4139,0
884,Puerto Rico,2008,12303,4094,0
885,Puerto Rico,2009,12768,4219,0
886,Puerto Rico,2010,13337,4202,0
887,Puerto Rico,2011,13896,4205,0
888,Puerto Rico,2012,14182,4370,0
889,Puerto Rico,2013,14565,4220,0
890,Puerto Rico,2014,14288,4472,0
891,Puerto Rico,2015,14940,4325,0
892,Puerto Rico,2016,14527,4213,0
893,Puerto Rico,2017,7493,4226,0
894,Puerto Rico,2018,14827,4151,0
895,Puerto Rico,2019,15024,4086,0
896,Puerto Rico,2020,12820,4235,0
897,Puerto Rico,2021,14769,4238,0
898,Rhode Island,1999,5602,2040,0
899,Rhode Island,2000,5700,2087,1050268
900,Rhode Island,2001,5589,2029,1057142
901,Rhode Island,2002,5677,2056,1065995
902,Rhode Island,2003,5473,1912,1071342
903,Rhode Island,2004,5708,2050,1074579
904,Rhode Island,2005,5425,1885,1067916
905,Rhode Island,2006,5718,1793,1063096
906,Rhode Island,2007,5822,1832,1057315
907,Rhode Island,2008,5826,1810,1055003
908,Rhode Island,2009,5707,1775,1053646
909,Rhode Island,2010,5400,1813,1052567
910,Rhode Island,2011,5575,1776,1049165
911,Rhode Island,2012,5695,1738,1050675
912,Rhode Island,2013,5739,1909,1050905
913,Rhode Island,2014,5763,1865,1051901
914,Rhode Island,2015,5685,1810,1051825
915,Rhode Island,2016,5742,1672,1052648
916,Rhode Island,2017,5819,1772,1051898
917,Rhode Island,2018,6015,1773,1053856
918,Rhode Island,2019,6132,1721,1054930
919,Rhode Island,2020,5264,1642,1093388
920,Rhode Island,2021,5667,1698,1093692
921,South Carolina,1999,17573,7109,0
922,South Carolina,2000,17602,7327,4024223
923,South Carolina,2001,18204,7290,4064995
924,South Carolina,2002,19215,7289,4107795
925,South Carolina,2003,18958,7444,4150297
926,South Carolina,2004,19403,7222,4210921
927,South Carolina,2005,20143,7603,4270150
928,South Carolina,2006,20723,7779,4357847
929,South Carolina,2007,21599,7757,4444110
930,South Carolina,2008,21750,8068,4528996
931,South Carolina,2009,21940,7997,4589872
932,South Carolina,2010,22727,8108,4625364
933,South Carolina,2011,22881,8279,4628046
934,South Carolina,2012,23554,8494,4673730
935,South Carolina,2013,23830,8445,4723233
936,South Carolina,2014,24311,8627,4781259
937,South Carolina,2015,25745,8595,4851026
938,South Carolina,2016,25643,8911,4918512
939,South Carolina,2017,25958,8880,4982101
940,South Carolina,2018,25954,8868,5042668
941,South Carolina,2019,26482,8967,5107226
942,South Carolina,2020,25357,9229,5094017
943,South Carolina,2021,26306,9068,5155415
944,South Dakota,1999,0,1301,0
945,South Dakota,2000,0,1277,755844
946,South Dakota,2001,3573,1261,757972
947,South Dakota,2002,3936,1256,760020
948,South Dakota,2003,3632,1286,763729
949,South Dakota,2004,3552,1266,770396
950,South Dakota,2005,3556,1310,775493
951,South Dakota,2006,3445,1256,783033
952,South Dakota,2007,3789,1279,791623
953,South Dakota,2008,3753,1252,799124
954,South Dakota,2009,3876,1185,807067
955,South Dakota,2010,3844,1294,814180
956,South Dakota,2011,4103,1346,819622
957,South Dakota,2012,3920,1334,829602
958,South Dakota,2013,4133,1275,838748
959,South Dakota,2014,4149,1341,845567
960,South Dakota,2015,4085,1289,850934
961,South Dakota,2016,4297,1353,859485
962,South Dakota,2017,4352,1380,869387
963,South Dakota,2018,4427,1308,875235
964,South Dakota,2019,4681,1413,881196
965,South Dakota,2020,4292,1315,884341
966,South Dakota,2021,4572,1348,892851
967,Tennessee,1999,20428,10422,0
968,Tennessee,2000,21497,10918,5703719
969,Tennessee,2001,21601,10853,5750789
970,Tennessee,2002,22428,10999,5795918
971,Tennessee,2003,23975,11176,5847812
972,Tennessee,2004,25509,11136,5910809
973,Tennessee,2005,27769,11451,5991057
974,Tennessee,2006,28666,11458,6088766
975,Tennessee,2007,29495,11580,6175727
976,Tennessee,2008,30294,11606,6247411
977,Tennessee,2009,31201,11805,6306019
978,Tennessee,2010,31089,11941,6346105
979,Tennessee,2011,31554,11877,6378562
980,Tennessee,2012,31715,12001,6429393
981,Tennessee,2013,32031,12215,6473438
982,Tennessee,2014,31992,12353,6519575
983,Tennessee,2015,33975,12286,6569287
984,Tennessee,2016,34272,12601,6625443
985,Tennessee,2017,35536,12277,6688806
986,Tennessee,2018,35435,12194,6751032
987,Tennessee,2019,35980,12454,6808577
988,Tennessee,2020,33733,12550,6905731
989,Tennessee,2021,34383,12481,6942737
990,Texas,1999,73843,28716,0
991,Texas,2000,76235,29399,20944499
992,Texas,2001,79127,29639,21319622
993,Texas,2002,80319,30272,21690325
994,Texas,2003,81198,29918,22030931
995,Texas,2004,81610,30156,22394023
996,Texas,2005,83212,30454,22778123
997,Texas,2006,85115,30898,23359580
998,Texas,2007,89446,30806,23831983
999,Texas,2008,89742,31298,24309039
1000,Texas,2009,91356,31099,24801761
1001,Texas,2010,90287,32156,25145561
1002,Texas,2011,92153,32597,25530809
1003,Texas,2012,93602,33220,25950012
1004,Texas,2013,95310,33495,26355574
1005,Texas,2014,97909,33662,26839386
1006,Texas,2015,100910,33816,27351971
1007,Texas,2016,103739,34755,27798793
1008,Texas,2017,107922,35076,28179505
1009,Texas,2018,113636,35232,28514003
1010,Texas,2019,116517,35823,28881232
1011,Texas,2020,107803,36396,29116933
1012,Texas,2021,115848,36487,29441683
1013,Utah,1999,6027,1930,0
1014,Utah,2000,5952,1957,2244502
1015,Utah,2001,6321,1859,2283715
1016,Utah,2002,6452,1948,2324815
1017,Utah,2003,6709,2036,2360137
1018,Utah,2004,6941,2032,2401580
1019,Utah,2005,7145,2118,2457719
1020,Utah,2006,7522,2185,2525507
1021,Utah,2007,7660,2115,2597746
1022,Utah,2008,7999,2032,2663029
1023,Utah,2009,8209,2112,2723421
1024,Utah,2010,8583,2347,2763885
1025,Utah,2011,8823,2323,2808346
1026,Utah,2012,8732,2416,2847581
1027,Utah,2013,8768,2487,2892477
1028,Utah,2014,9224,2534,2931616
1029,Utah,2015,9510,2508,2976843
1030,Utah,2016,9580,2546,3036834
1031,Utah,2017,10003,2600,3096332
1032,Utah,2018,10579,2688,3148713
1033,Utah,2019,10744,2775,3201120
1034,Utah,2020,10517,2880,3279242
1035,Utah,2021,11913,2860,3334584
1036,Vermont,1999,2880,939,0
1037,Vermont,2000,2785,918,609618
1038,Vermont,2001,2846,948,612223
1039,Vermont,2002,2856,888,615442
1040,Vermont,2003,2989,903,617858
1041,Vermont,2004,3010,901,619920
1042,Vermont,2005,3135,895,621215
1043,Vermont,2006,3330,894,622892
1044,Vermont,2007,3268,1017,623481
1045,Vermont,2008,3156,933,624151
1046,Vermont,2009,3335,914,624817
1047,Vermont,2010,3313,1080,625741
1048,Vermont,2011,3298,1002,626365
1049,Vermont,2012,3292,991,625489
1050,Vermont,2013,3254,979,625586
1051,Vermont,2014,3392,1059,624651
1052,Vermont,2015,3324,1074,624641
1053,Vermont,2016,3428,1030,623071
1054,Vermont,2017,3604,1061,623744
1055,Vermont,2018,3622,1051,623786
1056,Vermont,2019,3686,1019,623417
1057,Vermont,2020,3443,1031,642751
1058,Vermont,2021,3652,1060,646916
1059,Virginia,1999,26665,11493,0
1060,Virginia,2000,27539,11743,7105817
1061,Virginia,2001,26892,11564,7198362
1062,Virginia,2002,28246,11787,7286873
1063,Virginia,2003,30123,11991,7366977
1064,Virginia,2004,30698,11610,7475575
1065,Virginia,2005,31871,12103,7577105
1066,Virginia,2006,32505,12015,7673725
1067,Virginia,2007,34437,12206,7751000
1068,Virginia,2008,34397,12155,7833496
1069,Virginia,2009,34874,12297,7925937
1070,Virginia,2010,33611,12225,8001024
1071,Virginia,2011,34415,12399,7988574
1072,Virginia,2012,34069,12334,8074556
1073,Virginia,2013,35616,12430,8137931
1074,Virginia,2014,36229,12647,8197056
1075,Virginia,2015,36519,12847,8251044
1076,Virginia,2016,37703,12873,8292250
1077,Virginia,2017,37879,13019,8350328
1078,Virginia,2018,38558,13091,8386044
1079,Virginia,2019,40725,12935,8420244
1080,Virginia,2020,37350,13259,8536088
1081,Virginia,2021,38606,13342,8555582
1082,Washington,1999,26109,9398,0
1083,Washington,2000,26030,9495,5910512
1084,Washington,2001,26799,9634,5985722
1085,Washington,2002,26936,9650,6052349
1086,Washington,2003,27151,9824,6104115
1087,Washington,2004,27819,9768,6178645
1088,Washington,2005,28413,9696,6257305
1089,Washington,2006,28908,9758,6370753
1090,Washington,2007,28564,10205,6461587
1091,Washington,2008,30258,10219,6562231
1092,Washington,2009,31125,10465,6667426
1093,Washington,2010,31331,10449,6724540
1094,Washington,2011,31952,10530,6774642
1095,Washington,2012,31738,10337,6850554
1096,Washington,2013,31963,10366,6911691
1097,Washington,2014,32433,10604,7001731
1098,Washington,2015,32618,10923,7109697
1099,Washington,2016,34134,10768,7240197
1100,Washington,2017,34554,10892,7370914
1101,Washington,2018,35240,11004,7471678
1102,Washington,2019,36458,11067,7562699
1103,Washington,2020,33612,10869,7674936
1104,Washington,2021,37114,11533,7690805
1105,Washington DC,1999,2637,1022,0
1106,Washington DC,2000,2604,972,0
1107,Washington DC,2001,2579,1014,0
1108,Washington DC,2002,2563,1010,0
1109,Washington DC,2003,2679,799,0
1110,Washington DC,2004,2352,805,0
1111,Washington DC,2005,2402,812,0
1112,Washington DC,2006,2457,892,0
1113,Washington DC,2007,2619,834,0
1114,Washington DC,2008,2486,777,0
1115,Washington DC,2009,2571,817,0
1116,Washington DC,2010,2654,703,0
1117,Washington DC,2011,2801,723,0
1118,Washington DC,2012,2729,771,0
1119,Washington DC,2013,2511,726,0
1120,Washington DC,2014,2542,758,0
1121,Washington DC,2015,2392,707,0
1122,Washington DC,2016,2429,703,0
1123,Washington DC,2017,2617,708,0
1124,Washington DC,2018,2605,770,0
1125,Washington DC,2019,2575,665,0
1126,Washington DC,2020,2309,669,0
1127,Washington DC,2021,2544,696,0
1128,West Virginia,1999,9794,4074,0
1129,West Virginia,2000,9832,4108,1807021
1130,West Virginia,2001,10143,4035,1801481
1131,West Virginia,2002,9895,3990,1805414
1132,West Virginia,2003,9679,3993,1812295
1133,West Virginia,2004,9921,4039,1816438
1134,West Virginia,2005,10206,3934,1820492
1135,West Virginia,2006,10381,3922,1827912
1136,West Virginia,2007,10693,3979,1834052
1137,West Virginia,2008,10429,3937,1840310
1138,West Virginia,2009,10459,4147,1847775
1139,West Virginia,2010,10350,3956,1852994
1140,West Virginia,2011,10789,4064,1854462
1141,West Virginia,2012,10573,4003,1855333
1142,West Virginia,2013,10744,4060,1852607
1143,West Virginia,2014,10646,4196,1848227
1144,West Virginia,2015,10930,4116,1841036
1145,West Virginia,2016,10975,4023,1830016
1146,West Virginia,2017,11394,3930,1815995
1147,West Virginia,2018,11465,3977,1803320
1148,West Virginia,2019,11301,3935,1791176
1149,West Virginia,2020,10440,3994,1791396
1150,West Virginia,2021,11451,4067,1785077
1151,Wisconsin,1999,24786,9247,0
1152,Wisconsin,2000,24678,9201,5373999
1153,Wisconsin,2001,25447,9326,5406835
1154,Wisconsin,2002,24785,9333,5445162
1155,Wisconsin,2003,25016,9257,5479203
1156,Wisconsin,2004,25051,9507,5514026
1157,Wisconsin,2005,25348,9467,5546166
1158,Wisconsin,2006,26220,9475,5577655
1159,Wisconsin,2007,26840,9448,5610775
1160,Wisconsin,2008,27326,9686,5640996
1161,Wisconsin,2009,27502,9422,5669264
1162,Wisconsin,2010,27782,9795,5686986
1163,Wisconsin,2011,28809,10033,5701442
1164,Wisconsin,2012,28362,9707,5716597
1165,Wisconsin,2013,28787,9856,5733494
1166,Wisconsin,2014,29457,9775,5748333
1167,Wisconsin,2015,30097,9753,5757970
1168,Wisconsin,2016,30791,9797,5769613
1169,Wisconsin,2017,31144,9646,5787115
1170,Wisconsin,2018,31448,9740,5804404
1171,Wisconsin,2019,32905,9756,5819432
1172,Wisconsin,2020,30087,9837,5895100
1173,Wisconsin,2021,33092,9569,5878269
1174,Wyoming,1999,1936,600,0
1175,Wyoming,2000,1975,545,494300
1176,Wyoming,2001,1905,613,494657
1177,Wyoming,2002,1948,585,500017
1178,Wyoming,2003,2065,640,503453
1179,Wyoming,2004,2113,618,509106
1180,Wyoming,2005,2003,635,514157
1181,Wyoming,2006,2202,625,522667
1182,Wyoming,2007,2157,677,534876
1183,Wyoming,2008,2192,585,546043
1184,Wyoming,2009,2234,664,559851
1185,Wyoming,2010,2361,716,563626
1186,Wyoming,2011,2378,610,564078
1187,Wyoming,2012,2204,647,573164
1188,Wyoming,2013,2187,678,578753
1189,Wyoming,2014,2331,668,579471
1190,Wyoming,2015,2318,676,582623
1191,Wyoming,2016,2456,670,581104
1192,Wyoming,2017,2515,655,575818
1193,Wyoming,2018,2533,725,574509
1194,Wyoming,2019,2728,763,575665
1195,Wyoming,2020,2534,740,574772
1196,Wyoming,2021,2580,818,576672
